
[
    {"text": "worked in office --> Managed administrative tasks and supported office operations efficiently."},
    {"text": "did ai project --> Designed and implemented an AI-based prediction system using Python and TensorFlow."},
    {"text": "helped in project --> Contributed to team project planning, coding, and testing phases."},
    {"text": "data entry --> Entered and validated large volumes of data with 99% accuracy."},
    {"text": "presentation --> Created and delivered engaging project presentations using PowerPoint."}
]
